{
  "configVersion": 1,
  "timestamp": 1703253331517,
  "index": "/index.html",
  "assetGroups": [
    {
      "name": "app",
      "installMode": "prefetch",
      "updateMode": "prefetch",
      "cacheQueryOptions": {
        "ignoreVary": true
      },
      "urls": [
        "/common.js",
        "/default-node_modules_ionic_core_dist_esm_data-caf38df0_js-node_modules_ionic_core_dist_esm_th-3ec348.js",
        "/index.html",
        "/main.js",
        "/manifest.webmanifest",
        "/node_modules_ionic_core_dist_esm_index-2061d5f6_js.js",
        "/node_modules_ionic_core_dist_esm_input-shims-8459e7d9_js.js",
        "/node_modules_ionic_core_dist_esm_ion-accordion_2_entry_js.js",
        "/node_modules_ionic_core_dist_esm_ion-action-sheet_entry_js.js",
        "/node_modules_ionic_core_dist_esm_ion-alert_entry_js.js",
        "/node_modules_ionic_core_dist_esm_ion-app_8_entry_js.js",
        "/node_modules_ionic_core_dist_esm_ion-avatar_3_entry_js.js",
        "/node_modules_ionic_core_dist_esm_ion-back-button_entry_js.js",
        "/node_modules_ionic_core_dist_esm_ion-backdrop_entry_js.js",
        "/node_modules_ionic_core_dist_esm_ion-breadcrumb_2_entry_js.js",
        "/node_modules_ionic_core_dist_esm_ion-button_2_entry_js.js",
        "/node_modules_ionic_core_dist_esm_ion-card_5_entry_js.js",
        "/node_modules_ionic_core_dist_esm_ion-checkbox_entry_js.js",
        "/node_modules_ionic_core_dist_esm_ion-chip_entry_js.js",
        "/node_modules_ionic_core_dist_esm_ion-col_3_entry_js.js",
        "/node_modules_ionic_core_dist_esm_ion-datetime-button_entry_js.js",
        "/node_modules_ionic_core_dist_esm_ion-datetime_3_entry_js.js",
        "/node_modules_ionic_core_dist_esm_ion-fab_3_entry_js.js",
        "/node_modules_ionic_core_dist_esm_ion-img_entry_js.js",
        "/node_modules_ionic_core_dist_esm_ion-infinite-scroll_2_entry_js.js",
        "/node_modules_ionic_core_dist_esm_ion-input_entry_js.js",
        "/node_modules_ionic_core_dist_esm_ion-item-option_3_entry_js.js",
        "/node_modules_ionic_core_dist_esm_ion-item_8_entry_js.js",
        "/node_modules_ionic_core_dist_esm_ion-loading_entry_js.js",
        "/node_modules_ionic_core_dist_esm_ion-menu_3_entry_js.js",
        "/node_modules_ionic_core_dist_esm_ion-modal_entry_js.js",
        "/node_modules_ionic_core_dist_esm_ion-nav_2_entry_js.js",
        "/node_modules_ionic_core_dist_esm_ion-picker-column-internal_entry_js.js",
        "/node_modules_ionic_core_dist_esm_ion-picker-internal_entry_js.js",
        "/node_modules_ionic_core_dist_esm_ion-popover_entry_js.js",
        "/node_modules_ionic_core_dist_esm_ion-progress-bar_entry_js.js",
        "/node_modules_ionic_core_dist_esm_ion-radio_2_entry_js.js",
        "/node_modules_ionic_core_dist_esm_ion-range_entry_js.js",
        "/node_modules_ionic_core_dist_esm_ion-refresher_2_entry_js.js",
        "/node_modules_ionic_core_dist_esm_ion-reorder_2_entry_js.js",
        "/node_modules_ionic_core_dist_esm_ion-ripple-effect_entry_js.js",
        "/node_modules_ionic_core_dist_esm_ion-route_4_entry_js.js",
        "/node_modules_ionic_core_dist_esm_ion-searchbar_entry_js.js",
        "/node_modules_ionic_core_dist_esm_ion-segment_2_entry_js.js",
        "/node_modules_ionic_core_dist_esm_ion-select_3_entry_js.js",
        "/node_modules_ionic_core_dist_esm_ion-slide_2_entry_js.js",
        "/node_modules_ionic_core_dist_esm_ion-spinner_entry_js.js",
        "/node_modules_ionic_core_dist_esm_ion-split-pane_entry_js.js",
        "/node_modules_ionic_core_dist_esm_ion-tab-bar_2_entry_js.js",
        "/node_modules_ionic_core_dist_esm_ion-tab_2_entry_js.js",
        "/node_modules_ionic_core_dist_esm_ion-text_entry_js.js",
        "/node_modules_ionic_core_dist_esm_ion-textarea_entry_js.js",
        "/node_modules_ionic_core_dist_esm_ion-toast_entry_js.js",
        "/node_modules_ionic_core_dist_esm_ion-toggle_entry_js.js",
        "/node_modules_ionic_core_dist_esm_ion-virtual-scroll_entry_js.js",
        "/node_modules_ionic_core_dist_esm_status-tap-4d4674a1_js.js",
        "/node_modules_ionic_core_dist_esm_swiper_bundle-28080340_js.js",
        "/polyfills-core-js.js",
        "/polyfills-dom.js",
        "/polyfills.js",
        "/runtime.js",
        "/src_app_blue_blue_module_ts.js",
        "/src_app_chat_chat_module_ts.js",
        "/src_app_demo_demo_module_ts.js",
        "/src_app_demos_demos_module_ts.js",
        "/src_app_home_home_module_ts.js",
        "/src_app_login_login_module_ts.js",
        "/src_app_mesajlar_mesajlar_module_ts.js",
        "/src_app_profile_profile_module_ts.js",
        "/src_app_register_register_module_ts.js",
        "/src_app_reset-password_reset-password_module_ts.js",
        "/src_app_rutins_rutins_module_ts.js",
        "/src_app_slider_slider_module_ts.js",
        "/src_app_splash_splash_module_ts.js",
        "/src_app_tab2_tab2_module_ts.js",
        "/styles.css",
        "/vendor.js"
      ],
      "patterns": []
    },
    {
      "name": "assets",
      "installMode": "lazy",
      "updateMode": "prefetch",
      "cacheQueryOptions": {
        "ignoreVary": true
      },
      "urls": [
        "/assets/icon/1.svg",
        "/assets/icon/2.svg",
        "/assets/icon/favicon.png",
        "/assets/icons/icon-128x128.png",
        "/assets/icons/icon-144x144.png",
        "/assets/icons/icon-152x152.png",
        "/assets/icons/icon-192x192.png",
        "/assets/icons/icon-384x384.png",
        "/assets/icons/icon-48x48.png",
        "/assets/icons/icon-512x512.png",
        "/assets/icons/icon-72x72.png",
        "/assets/icons/icon-96x96.png",
        "/assets/img/1.svg",
        "/assets/img/2.svg",
        "/assets/img/3.svg",
        "/assets/img/4.svg",
        "/assets/img/5.svg",
        "/assets/img/SELSMART.png",
        "/assets/img/bgblue.jpg",
        "/assets/img/devbgf.jpg",
        "/assets/img/home.jpg",
        "/assets/shapes.svg"
      ],
      "patterns": []
    }
  ],
  "dataGroups": [],
  "hashTable": {
    "/assets/icon/1.svg": "357637627baa82690417b0f5e5cbd3f5ccc97aea",
    "/assets/icon/2.svg": "a12c400ed52ccb68aee46647de3057cd0a9dd949",
    "/assets/icon/favicon.png": "7798b8e0eb61d7375c245af78bbf5c916932bf13",
    "/assets/icons/icon-128x128.png": "28cea541d2dfc56ac9f0d3e17cf600ce14e1b34b",
    "/assets/icons/icon-144x144.png": "498ba0851dcfec3fdc54c63ef303b4ac5af68174",
    "/assets/icons/icon-152x152.png": "1c41d4f23944aa3db8a3ff38d2842060f5aff167",
    "/assets/icons/icon-192x192.png": "057d45ebf02160c302e5030ac20d6b91e156fef8",
    "/assets/icons/icon-384x384.png": "da0afe7c7159c77624ad044626a78a332a72f97f",
    "/assets/icons/icon-48x48.png": "ebf73af3bea370d0f39b6b63986ffe615ce8d3f5",
    "/assets/icons/icon-512x512.png": "a269f4dca0b90b583446475d18d62738edf4421a",
    "/assets/icons/icon-72x72.png": "095c9fa392857261ca340e109f08132402509c99",
    "/assets/icons/icon-96x96.png": "90b81e0ced904ab923879a41cb217d70c9e45c5a",
    "/assets/img/1.svg": "d22b70d1ed8ad993d8ab5d58053fd503275c2f92",
    "/assets/img/2.svg": "9115b3eb96c007343ae692f9dcfa0aa77558c8da",
    "/assets/img/3.svg": "b768a09a31022682fa2658fd1e38a21ffc3020ad",
    "/assets/img/4.svg": "072d7ae4e21bbd5710a96d472715a6f87d214549",
    "/assets/img/5.svg": "9937a8bfaba627154674c6ef5b84a6f4e0cd5146",
    "/assets/img/SELSMART.png": "28db8da425a4016d5efe3932a01d1fb4c86e79e3",
    "/assets/img/bgblue.jpg": "1d584b9176c817380bdcd3d24a3ed89351ffb81b",
    "/assets/img/devbgf.jpg": "d5cb32adbc0fe416d1ab617aaff3d6331ad72603",
    "/assets/img/home.jpg": "1620ca65d122e78a963a2e9f15a3c834504cb42d",
    "/assets/shapes.svg": "5413e95adabcb2cb639970051f55e0ddb64ace53",
    "/common.js": "5475c9e09a3c13a499fbc04d2179089b6e384eff",
    "/default-node_modules_ionic_core_dist_esm_data-caf38df0_js-node_modules_ionic_core_dist_esm_th-3ec348.js": "332c0cdb2510c4e34cb7455f5ec2212f127c398b",
    "/index.html": "f3850b5071915830a41eb8ce1ab886d8c077b544",
    "/main.js": "842bd32312ac39a63cd7375cf2725d915bd8e19e",
    "/manifest.webmanifest": "0338023091a1a52c152ed1f24234f82e889ccc04",
    "/node_modules_ionic_core_dist_esm_index-2061d5f6_js.js": "1bcf572076b1445f52adca3e96d398abb2d613e1",
    "/node_modules_ionic_core_dist_esm_input-shims-8459e7d9_js.js": "3af9fc1efbadfbeb121367edc0c361af0266b391",
    "/node_modules_ionic_core_dist_esm_ion-accordion_2_entry_js.js": "2e50e8aa65b470edb8dcf613fda10b241a9f1a50",
    "/node_modules_ionic_core_dist_esm_ion-action-sheet_entry_js.js": "5d32614c6b834b4d7c7fe966f58822bce58723f1",
    "/node_modules_ionic_core_dist_esm_ion-alert_entry_js.js": "200d64c9dd3d19f9f4bb61b88beb66e00a3dc769",
    "/node_modules_ionic_core_dist_esm_ion-app_8_entry_js.js": "d032b947b7d25f0c1769e38a1136b98f58a088e1",
    "/node_modules_ionic_core_dist_esm_ion-avatar_3_entry_js.js": "d6f150696dbda1d1f1299a50dc58af933d5b85f8",
    "/node_modules_ionic_core_dist_esm_ion-back-button_entry_js.js": "aabeca6bb46adf3ec2b88f25aa1c852c1b6bd5e4",
    "/node_modules_ionic_core_dist_esm_ion-backdrop_entry_js.js": "0733d42e5371892889cb7f6b69441a78d105ba88",
    "/node_modules_ionic_core_dist_esm_ion-breadcrumb_2_entry_js.js": "16bf6b80391f2921088bdc46dca58d083cf0a03c",
    "/node_modules_ionic_core_dist_esm_ion-button_2_entry_js.js": "3dd51a767f2efc47dc879fb74fce51cd2714f093",
    "/node_modules_ionic_core_dist_esm_ion-card_5_entry_js.js": "c18f70f607609935433611c783c40b9f574db0c4",
    "/node_modules_ionic_core_dist_esm_ion-checkbox_entry_js.js": "95e7a95a513865a898ee2b9a7b5ce5a68d3b05fd",
    "/node_modules_ionic_core_dist_esm_ion-chip_entry_js.js": "4c15e87ce498ae2549d32fae371fbec0fd9f334e",
    "/node_modules_ionic_core_dist_esm_ion-col_3_entry_js.js": "afdd2ae175d2f5a37b2bc1ed6e24b861ec7aaf71",
    "/node_modules_ionic_core_dist_esm_ion-datetime-button_entry_js.js": "f7e59dc5ea2771789650c1dcd0cad8bfb9cbb93b",
    "/node_modules_ionic_core_dist_esm_ion-datetime_3_entry_js.js": "55a33d3406ab9a52ace4b3e1737576b29bb0d098",
    "/node_modules_ionic_core_dist_esm_ion-fab_3_entry_js.js": "3f1234ed9ca657684a23f5d21fed3a4bd8bee220",
    "/node_modules_ionic_core_dist_esm_ion-img_entry_js.js": "0967aa0befb28eae5f2f40686eaa66002d7a95f4",
    "/node_modules_ionic_core_dist_esm_ion-infinite-scroll_2_entry_js.js": "9eee71e467ba7bcca85d28bd6be9110570c6b8bf",
    "/node_modules_ionic_core_dist_esm_ion-input_entry_js.js": "076b690f53273ec76a4aa7d985745dd9689307f5",
    "/node_modules_ionic_core_dist_esm_ion-item-option_3_entry_js.js": "09f94a03a8d6745b7d71eccffd8e80a66e8a4210",
    "/node_modules_ionic_core_dist_esm_ion-item_8_entry_js.js": "bac9f28deae4e180bd703faa01bac24519026645",
    "/node_modules_ionic_core_dist_esm_ion-loading_entry_js.js": "5da95c023099aab9604bf0bd938ca4d798d7c282",
    "/node_modules_ionic_core_dist_esm_ion-menu_3_entry_js.js": "2720df84214df9e032df52a918439bc5fd579c44",
    "/node_modules_ionic_core_dist_esm_ion-modal_entry_js.js": "569e2cbb4907a14cde051e70cc547e222f44b84b",
    "/node_modules_ionic_core_dist_esm_ion-nav_2_entry_js.js": "75394c89449d22c62bd1b1089f93c5217ee91f3a",
    "/node_modules_ionic_core_dist_esm_ion-picker-column-internal_entry_js.js": "1a8dec02e88399ca2232a643cd3dfaddaab3f30c",
    "/node_modules_ionic_core_dist_esm_ion-picker-internal_entry_js.js": "1c147ff29d921b2d2861264d9813336d5082a43e",
    "/node_modules_ionic_core_dist_esm_ion-popover_entry_js.js": "9f939a295c91853e6f8b803be65a5424459a9bcd",
    "/node_modules_ionic_core_dist_esm_ion-progress-bar_entry_js.js": "3cc2b9c843cae400df5b24c82b31ae361831a2cc",
    "/node_modules_ionic_core_dist_esm_ion-radio_2_entry_js.js": "ecc345c506217dcfe4ce84c244fd41ea5425619a",
    "/node_modules_ionic_core_dist_esm_ion-range_entry_js.js": "6485f1f0203fcc00e427ad410a341ca588bd91e7",
    "/node_modules_ionic_core_dist_esm_ion-refresher_2_entry_js.js": "7fd0fdbefebd505db60505ddcb90afd3bf705aef",
    "/node_modules_ionic_core_dist_esm_ion-reorder_2_entry_js.js": "fe75ecc74f574bbfea868ccecf0302efd47e18e6",
    "/node_modules_ionic_core_dist_esm_ion-ripple-effect_entry_js.js": "707b90f23c3031f37255731f4eddcb6033ace9a8",
    "/node_modules_ionic_core_dist_esm_ion-route_4_entry_js.js": "0ee45f68bd8984810bdd711831d8b8d66b24c17d",
    "/node_modules_ionic_core_dist_esm_ion-searchbar_entry_js.js": "ea757627cacffacfa0982d3f8f2f9888ccce6ec5",
    "/node_modules_ionic_core_dist_esm_ion-segment_2_entry_js.js": "4e6842988ad2050c4308fb42459edeefdf866086",
    "/node_modules_ionic_core_dist_esm_ion-select_3_entry_js.js": "772e56fef19e06d0851bf4b3e540df464944b3fd",
    "/node_modules_ionic_core_dist_esm_ion-slide_2_entry_js.js": "06c9e947618ee39e9438e34fa1b76559e60c6734",
    "/node_modules_ionic_core_dist_esm_ion-spinner_entry_js.js": "688cdea603b3e7847b053ecfa2eb7d1d7b2c169c",
    "/node_modules_ionic_core_dist_esm_ion-split-pane_entry_js.js": "c5dfad412e7ae631339429682676e1f50c54f32d",
    "/node_modules_ionic_core_dist_esm_ion-tab-bar_2_entry_js.js": "90a942a0cdd1dbfd3ac563e8a80bf59abe12d56c",
    "/node_modules_ionic_core_dist_esm_ion-tab_2_entry_js.js": "5e63972f51b3cca3553f99d0053b294baee73c30",
    "/node_modules_ionic_core_dist_esm_ion-text_entry_js.js": "5fa9be03b42735953943aff8d54178b6011604f5",
    "/node_modules_ionic_core_dist_esm_ion-textarea_entry_js.js": "c7c7a8743c24d0949c36cba88a019d5b39bee7a4",
    "/node_modules_ionic_core_dist_esm_ion-toast_entry_js.js": "55117fbcc29e5ec8f55b28cc796f0d167c2c928c",
    "/node_modules_ionic_core_dist_esm_ion-toggle_entry_js.js": "88620f3de9ad9898aef62bf4071ca37ebdd754a8",
    "/node_modules_ionic_core_dist_esm_ion-virtual-scroll_entry_js.js": "76302930657283c86a54756c4d989f83bcf0c8db",
    "/node_modules_ionic_core_dist_esm_status-tap-4d4674a1_js.js": "3f651544e7b38132be44da8fc088da5e91001561",
    "/node_modules_ionic_core_dist_esm_swiper_bundle-28080340_js.js": "7c716fa874d91fd0315082b417763ec16bb9abb4",
    "/polyfills-core-js.js": "2fb224b9d4f726aa4381b4a3e3d07564fda116b9",
    "/polyfills-dom.js": "6b334e04971a653377d7a3f68cb1293f6a4e1601",
    "/polyfills.js": "f0e5dd65d657f01efe2a19998de852f0efa4d0a7",
    "/runtime.js": "2740e5d39c8f12093c4fdde838e0cc8d14da7ac0",
    "/src_app_blue_blue_module_ts.js": "eb15f506fb59a22c446ab97740ce92511b762a90",
    "/src_app_chat_chat_module_ts.js": "1a82ebd585aade5a6b8a147df8d4ba42ce233d07",
    "/src_app_demo_demo_module_ts.js": "bbe1b8384756ce8ed7b49afd94b01c41b64b77f0",
    "/src_app_demos_demos_module_ts.js": "5e4768e3fd47e272655ddbe90910ee1c43bf90a1",
    "/src_app_home_home_module_ts.js": "7538b9ba67d3d3f13fe5adf50dd1f40fb7edb1d3",
    "/src_app_login_login_module_ts.js": "2eaaa7c3da4ebf2bf39a593a91010b101388ee4c",
    "/src_app_mesajlar_mesajlar_module_ts.js": "56f22743b9280195bff6019a42f4244234fce66d",
    "/src_app_profile_profile_module_ts.js": "eed39157a003999de34dda131bb8f63f6ae1fe14",
    "/src_app_register_register_module_ts.js": "f605b457e2ddab324258efea6f66771ca929f177",
    "/src_app_reset-password_reset-password_module_ts.js": "0f071e9ec7850db9d974ac522f7778689439e942",
    "/src_app_rutins_rutins_module_ts.js": "4aabb279163b0bb56fc9d714da8b30170c63f223",
    "/src_app_slider_slider_module_ts.js": "74fc80e8b12da5f451b617a7e8e741934e93b212",
    "/src_app_splash_splash_module_ts.js": "0bddf5f9ed9d7117d0666decfa39887fe9aa1eed",
    "/src_app_tab2_tab2_module_ts.js": "9ce6789f662dbb7703eb1b8899168f59ecb19672",
    "/styles.css": "f29bb85d225ff54abca89f00a340efd5e3708789",
    "/vendor.js": "64bbbf434f8ab600bdfb6483de921fb77d9777c2"
  },
  "navigationUrls": [
    {
      "positive": true,
      "regex": "^\\/.*$"
    },
    {
      "positive": false,
      "regex": "^\\/(?:.+\\/)?[^/]*\\.[^/]*$"
    },
    {
      "positive": false,
      "regex": "^\\/(?:.+\\/)?[^/]*__[^/]*$"
    },
    {
      "positive": false,
      "regex": "^\\/(?:.+\\/)?[^/]*__[^/]*\\/.*$"
    }
  ],
  "navigationRequestStrategy": "performance"
}